segment,custno cnt,OTC visits,MBC,MBC_rate,OTC rate,branch cnt,AVG degree,,,
RETAIL,1286856,292713,76271,0.26056581,0.227463679,162,132,,,
WHOLESALE,2735,752,505,0.671542553,0.274954296,162,161,,,
Small Business Hub,193590,55243,17478,0.316383976,0.285360814,162,125,,,
PARTNER,161454,45269,14967,0.330623606,0.280383267,162,159,,,
TOTAL,1644635,393977,109221,0.277226843,0.239552849,,,,,
Aggregated,1582316,388201,106117,0.273355813,0.245337215,163,161,,,
,,,,,,,,,,
,,,,,,,,,,
,,,,,,,,,,
,,,,,,,,,,
Average degree_x,x -is the threshold on the customer number,,,,,,,,,
segment,threshold - TODO,AVG degree,AVG degree_10,AVG degree_20,AVG degree_30,AVG degree_40,AVG degree_50,AVG degree_75,AVG degree_100,AVG degree_150
RETAIL,75-100,132,37,18,13,10,9,6,5,4
WHOLESALE,30-40,161,119,62,18,3,0.2,-1,-1,-1
Small Business Hub,30-50,125,24,10,7,5,4,3,2,1
PARTNER,75-150,159,115,75,50,33,23,11,7,4
Aggregated,250,161,146,122,98,79,62,33,20,10
